<?xml version="1.0" encoding="UTF-8"?>
<project-private xmlns="http://www.netbeans.org/ns/project-private/1">
    <open-files xmlns="http://www.netbeans.org/ns/projectui-open-files/2">
        <group>
            <file>file:/C:/Users/cg080111/Documents/NetBeansProjects/ImageEditor/src/imageeditor/TelaImageEditor.java</file>
            <file>file:/C:/Users/cg080111/Documents/NetBeansProjects/ImageEditor/src/imageeditor/ImageEditor.java</file>
        </group>
    </open-files>
</project-private>
